{
    "verb": 0.8523744940757751,
    "noun": 0.84384685754776,
    "adjective": 0.8292625546455383,
    "adverb": 0.8186690211296082
}