{
    "verb": 0.8361454010009766,
    "noun": 0.8012692332267761,
    "adjective": 0.7691305875778198,
    "adverb": 0.7483304738998413
}