{
    "verb": 0.8656218647956848,
    "noun": 0.846668004989624,
    "adjective": 0.8375288248062134,
    "adverb": 0.8277710676193237
}