{
    "verb": 0.8353047966957092,
    "noun": 0.7985457181930542,
    "adjective": 0.7629545331001282,
    "adverb": 0.7402786612510681
}