{
    "verb": 0.33317893743515015,
    "noun": 0.2932569980621338,
    "adjective": 0.24968668818473816,
    "adverb": 0.19869661331176758
}