{
    "verb": 0.3319040536880493,
    "adjective": 0.286041796207428,
    "noun": 0.265754371881485,
    "adverb": 0.20960456132888794
}